"SSAR.scientific","SSAR.common","DS.code","all.codes","SSAR.names","IUCN.scientific","iNat.scientific"
"Acris blanchardi","Blanchard's Cricket Frog","ACBL","ACBL","Acris blanchardi","Acris blanchardi","Acris blanchardi"
"Acris crepitans","Eastern Cricket Frog","ACCR","ACCR","Acris crepitans","Acris crepitans","Acris crepitans"
"Acris gryllus","Southern Cricket Frog","ACGR","ACGR","Acris gryllus","Acris gryllus","Acris gryllus"
"Ambystoma annulatum","Ringed Salamander","AMAN","AMAN","Ambystoma annulatum","Ambystoma annulatum","Ambystoma annulatum"
"Ambystoma barbouri","Streamside Salamander","AMBA","AMBA","Ambystoma barbouri","Ambystoma barbouri","Ambystoma barbouri"
"Ambystoma bishopi","Reticulated Flatwoods Salamander","AMBI","AMBI","Ambystoma bishopi","Ambystoma bishopi","Ambystoma bishopi"
"Ambystoma californiense","California Tiger Salamander","AMCA","AMCA","Ambystoma californiense","Ambystoma californiense","Ambystoma californiense"
"Ambystoma cingulatum","Frosted Flatwoods Salamander","AMCI","AMCI","Ambystoma cingulatum","Ambystoma cingulatum","Ambystoma cingulatum"
"Ambystoma gracile","Northwestern Salamander","AMGR","AMGR","Ambystoma gracile","Ambystoma gracile","Ambystoma gracile"
"Ambystoma jeffersonianum","Jefferson Salamander","AMJE","AMJE","Ambystoma jeffersonianum","Ambystoma jeffersonianum","Ambystoma jeffersonianum"
"Ambystoma laterale","Blue-spotted Salamander","ALAT","ALAT","Ambystoma laterale","Ambystoma laterale","Ambystoma laterale"
"Ambystoma mabeei","Mabee's Salamander","AMBM","AMBM","Ambystoma mabeei","Ambystoma mabeei","Ambystoma mabeei"
"Ambystoma macrodactylum","Long-toed Salamander","AMMA","AMMA|AMMACO|AMMACR|AMMAKR|AMMAMA|AMMASI","Ambystoma macrodactylum, Ambystoma macrodactylum columbianum, Ambystoma macrodactylum croceum, Ambystoma macrodactylum krausei, Ambystoma macrodactylum macrodactylum, Ambystoma macrodactylum sigillatum","Ambystoma macrodactylum","Ambystoma macrodactylum, Ambystoma macrodactylum columbianum, Ambystoma macrodactylum croceum, Ambystoma macrodactylum krausei, Ambystoma macrodactylum macrodactylum, Ambystoma macrodactylum sigillatum"
"Ambystoma maculatum","Spotted Salamander","AMAC","AMAC","Ambystoma maculatum","Ambystoma maculatum","Ambystoma maculatum"
"Ambystoma mavortium","Western Tiger Salamander","AMAV","AMAV|AMAVDI|AMAVMA|AMAVME|AMAVNE|AMAVST","Ambystoma mavortium, Ambystoma mavortium diaboli, Ambystoma mavortium mavortium, Ambystoma mavortium melanostictum, Ambystoma mavortium nebulosum, Ambystoma mavortium stebbinsi","Ambystoma mavortium","Ambystoma mavortium, Ambystoma mavortium diaboli, Ambystoma mavortium mavortium, Ambystoma mavortium melanostictum, Ambystoma mavortium nebulosum, Ambystoma mavortium stebbinsi"
"Ambystoma opacum","Marbled Salamander","AMOP","AMOP","Ambystoma opacum","Ambystoma opacum","Ambystoma opacum"
"Ambystoma talpoideum","Mole Salamander","AMTA","AMTA","Ambystoma talpoideum","Ambystoma talpoideum","Ambystoma talpoideum"
"Ambystoma texanum","Small-mouthed Salamander","AMTE","AMTE","Ambystoma texanum","Ambystoma texanum","Ambystoma texanum"
"Ambystoma tigrinum","Eastern Tiger Salamander","AMTI","AMTI","Ambystoma tigrinum","Ambystoma tigrinum","Ambystoma tigrinum"
"Amphiuma means","Two-toed Amphiuma","AMME","AMME","Amphiuma means","Amphiuma means","Amphiuma means"
"Amphiuma pholeter","One-toed Amphiuma","AMPH","AMPH","Amphiuma pholeter","Amphiuma pholeter","Amphiuma pholeter"
"Amphiuma tridactylum","Three-toed Amphiuma","AMTR","AMTR","Amphiuma tridactylum","Amphiuma tridactylum","Amphiuma tridactylum"
"Anaxyrus americanus","American Toad","ANAM","ANAM|ANAMAM|ANAMCH","Anaxyrus americanus, Anaxyrus americanus americanus, Anaxyrus americanus charlesmithi","Anaxyrus americanus","Anaxyrus americanus, Anaxyrus americanus americanus, Anaxyrus americanus charlesmithi"
"Anaxyrus baxteri","Wyoming Toad","ANBA","ANBA","Anaxyrus baxteri","Anaxyrus baxteri","Anaxyrus baxteri"
"Anaxyrus boreas","Western Toad","ANBO","ANBO","Anaxyrus boreas","Anaxyrus boreas","Anaxyrus boreas"
"Anaxyrus californicus","Arroyo Toad","ANCA","ANCA","Anaxyrus californicus","Anaxyrus californicus","Anaxyrus californicus"
"Anaxyrus canorus","Yosemite Toad","ANAC","ANAC","Anaxyrus canorus","Anaxyrus canorus","Anaxyrus canorus"
"Anaxyrus cognatus","Great Plains Toad","ANCO","ANCO","Anaxyrus cognatus","Anaxyrus cognatus","Anaxyrus cognatus"
"Anaxyrus debilis","Chihuahuan Green Toad","ANDE","ANDE|ANDEDE|ANDEIN","Anaxyrus debilis, Anaxyrus debilis debilis, Anaxyrus debilis insidior","Anaxyrus debilis","Anaxyrus debilis, Anaxyrus debilis debilis, Anaxyrus debilis insidior"
"Anaxyrus exsul","Black Toad","ANEX","ANEX","Anaxyrus exsul","Anaxyrus exsul","Anaxyrus exsul"
"Anaxyrus fowleri","Fowler's Toad","ANFO","ANFO","Anaxyrus fowleri","Anaxyrus fowleri","Anaxyrus fowleri"
"Anaxyrus hemiophrys","Canadian Toad","ANHE","ANHE","Anaxyrus hemiophrys","Anaxyrus hemiophrys","Anaxyrus hemiophrys"
"Anaxyrus houstonensis","Houston Toad","ANHO","ANHO","Anaxyrus houstonensis","Anaxyrus houstonensis","Anaxyrus houstonensis"
"Anaxyrus microscaphus","Arizona Toad","ANMI","ANMI","Anaxyrus microscaphus","Anaxyrus microscaphus","Anaxyrus microscaphus"
"Anaxyrus monfontanus","Hot Creek Toad","ANMO","ANMO","Anaxyrus monfontanus","Anaxyrus monfontanus","Anaxyrus monfontanus"
"Anaxyrus nelsoni","Amargosa Toad","ANNE","ANNE","Anaxyrus nelsoni","Anaxyrus nelsoni","Anaxyrus nelsoni"
"Anaxyrus nevadensis","Railroad Valley Toad","ANAN","ANAN","Anaxyrus nevadensis","Anaxyrus nevadensis","Anaxyrus nevadensis"
"Anaxyrus punctatus","Red-spotted Toad","ANPU","ANPU","Anaxyrus punctatus","Anaxyrus punctatus","Anaxyrus punctatus"
"Anaxyrus quercicus","Oak Toad","ANQU","ANQU","Anaxyrus quercicus","Anaxyrus quercicus","Anaxyrus quercicus"
"Anaxyrus retiformis","Sonoran Green Toad","ANRE","ANRE","Anaxyrus retiformis","Anaxyrus retiformis","Anaxyrus retiformis"
"Anaxyrus speciosus","Texas Toad","ANAS","ANAS","Anaxyrus speciosus","Anaxyrus speciosus","Anaxyrus speciosus"
"Anaxyrus terrestris","Southern Toad","ANTE","ANTE","Anaxyrus terrestris","Anaxyrus terrestris","Anaxyrus terrestris"
"Anaxyrus williamsi","Dixie Valley Toad","ANWI","ANWI","Anaxyrus williamsi","Anaxyrus williamsi","Anaxyrus williamsi"
"Anaxyrus woodhousii","Woodhouse's Toad","ANWO","ANWO|ANWOAU|ANWOWO","Anaxyrus woodhousii, Anaxyrus woodhousii australis, Anaxyrus woodhousii woodhousii","Anaxyrus woodhousii","Anaxyrus woodhousii, Anaxyrus woodhousii australis, Anaxyrus woodhousii woodhousii"
"Aneides aeneus","Green Salamander","ANAE","ANAE","Aneides aeneus","Aneides aeneus","Aneides aeneus"
"Aneides caryaensis","Hickory Nut Gorge Green Salamander","ANEC","ANEC","Aneides caryaensis","Aneides caryaensis","Aneides caryaensis"
"Aneides ferreus","Clouded Salamander","ANFE","ANFE","Aneides ferreus","Aneides ferreus","Aneides ferreus"
"Aneides flavipunctatus","Black Salamander","ANFL","ANFL","Aneides flavipunctatus","Aneides flavipunctatus","Aneides flavipunctatus"
"Aneides hardii","Sacramento Mountain Salamander","ANHA","ANHA","Aneides hardii","Aneides hardii","Aneides hardii"
"Aneides iecanus","Shasta Black Salamander","ANIE","ANIE","Aneides iecanus","Aneides iecanus","Aneides iecanus"
"Aneides klamathensis","Klamath Black Salamander","ANKL","ANKL","Aneides klamathensis","Aneides klamathensis","Aneides klamathensis"
"Aneides lugubris","Arboreal Salamander","ANLU","ANLU","Aneides lugubris","Aneides lugubris","Aneides lugubris"
"Aneides niger","Santa Cruz Black Salamander","ANFLNI","ANFLNI","Aneides niger","Aneides niger","Aneides niger"
"Aneides vagrans","Wandering Salamander","ANVA","ANVA","Aneides vagrans","Aneides vagrans","Aneides vagrans"
"Ascaphus montanus","Rocky Mountain Tailed Frog","ASMO","ASMO","Ascaphus montanus","Ascaphus montanus","Ascaphus montanus"
"Ascaphus truei","Coastal Tailed Frog","ASTR","ASTR","Ascaphus truei","Ascaphus truei","Ascaphus truei"
"Batrachoseps altasierrae","Greenhorn Mountains Slender Salamander","BAAL","BAAL","Batrachoseps altasierrae","Batrachoseps altasierrae","Batrachoseps altasierrae"
"Batrachoseps attenuatus","California Slender Salamander","BAAT","BAAT","Batrachoseps attenuatus","Batrachoseps attenuatus","Batrachoseps attenuatus"
"Batrachoseps bramei","Fairview Slender Salamander","BABR","BABR","Batrachoseps bramei","Batrachoseps bramei","Batrachoseps bramei"
"Batrachoseps campi","Inyo Mountains Salamander","BACA","BACA","Batrachoseps campi","Batrachoseps campi","Batrachoseps campi"
"Batrachoseps diabolicus","Hell Hollow Slender Salamander","BADI","BADI","Batrachoseps diabolicus","Batrachoseps diabolicus","Batrachoseps diabolicus"
"Batrachoseps gabrieli","San Gabriel Mountains Slender Salamander","BAGA","BAGA","Batrachoseps gabrieli","Batrachoseps gabrieli","Batrachoseps gabrieli"
"Batrachoseps gavilanensis","Gabilan Mountains Slender Salamander","BATG","BATG","Batrachoseps gavilanensis","Batrachoseps gavilanensis","Batrachoseps gavilanensis"
"Batrachoseps gregarius","Gregarious Slender Salamander","BAGR","BAGR","Batrachoseps gregarius","Batrachoseps gregarius","Batrachoseps gregarius"
"Batrachoseps incognitus","San Simeon Slender Salamander","BAIN","BAIN","Batrachoseps incognitus","Batrachoseps incognitus","Batrachoseps incognitus"
"Batrachoseps kawia","Sequoia Slender Salamander","BAKA","BAKA","Batrachoseps kawia","Batrachoseps kawia","Batrachoseps kawia"
"Batrachoseps luciae","Santa Lucia Mountains Slender Salamander","BALU","BALU","Batrachoseps luciae","Batrachoseps luciae","Batrachoseps luciae"
"Batrachoseps major","Southern California Slender Salamaner","BAMA","BAMA|BAMAAR|BAMAMA","Batrachoseps major, Batrachoseps major aridus, Batrachoseps major major","Batrachoseps major","Batrachoseps major, Batrachoseps aridus, Batrachoseps major"
"Batrachoseps minor","Lesser Slender Salamander","BAMI","BAMI","Batrachoseps minor","Batrachoseps minor","Batrachoseps minor"
"Batrachoseps nigriventris","Black-bellied Slender Salamander","BANI","BANI","Batrachoseps nigriventris","Batrachoseps nigriventris","Batrachoseps nigriventris"
"Batrachoseps pacificus complex","Channel Islands Slender Salamander","BAPA","BAPA|BAWA","Batrachoseps pacificus, Batrachoseps wakei","Batrachoseps pacificus","Batrachoseps pacificus, Batrachoseps wakei"
"Batrachoseps regius","Kings River Slender Salamander","BARE","BARE","Batrachoseps regius","Batrachoseps regius","Batrachoseps regius"
"Batrachoseps relictus","Relictual Slender Salamander","BATR","BATR","Batrachoseps relictus","Batrachoseps relictus","Batrachoseps relictus"
"Batrachoseps robustus","Kern Plateau Salamander","BARO","BARO","Batrachoseps robustus","Batrachoseps robustus","Batrachoseps robustus"
"Batrachoseps simatus","Kern Canyon Slender Salamander","BASI","BASI","Batrachoseps simatus","Batrachoseps simatus","Batrachoseps simatus"
"Batrachoseps stebbinsi","Tehachapi Slender Salamander","BAST","BAST","Batrachoseps stebbinsi","Batrachoseps stebbinsi","Batrachoseps stebbinsi"
"Batrachoseps wrighti","Oregon Slender Salamander","BAWR","BAWR","Batrachoseps wrighti","Batrachoseps wrighti","Batrachoseps wrighti"
"Craugastor augusti","Barking Frog","CRAU","CRAU","Craugastor augusti","Craugastor augusti","Craugastor augusti"
"Cryptobranchus alleganiensis","Hellbender","CRAL","CRAL|CRALAL|CRALBI","Cryptobranchus alleganiensis, Cryptobranchus alleganiensis alleganiensis, Cryptobranchus alleganiensis bishopi","Cryptobranchus alleganiensis","Cryptobranchus alleganiensis, Cryptobranchus alleganiensis alleganiensis, Cryptobranchus alleganiensis bishopi"
"Dendrobates auratus","Green-and-black Poison Dart Frog","DEAU","DEAU","Dendrobates auratus","Dendrobates auratus","Dendrobates auratus"
"Desmognathus abditus","Cumberland Dusky Salamander","DEAB","DEAB","Desmognathus abditus","Desmognathus abditus","Desmognathus abditus"
"Desmognathus aeneus","Seepage Salamander","DAEN","DAEN","Desmognathus aeneus","Desmognathus aeneus","Desmognathus aeneus"
"Desmognathus quadramaculatus complex","Southern Black-bellied Salamander","DQUA","DAMP|DEGV|DEKA|DEMA|DQUA","Desmognathus amphileucus, Desmognathus gvnigeusgwotli, Desmognathus kanawha, Desmognathus mavrokoilius, NA","Desmognathus quadramaculatus","Desmognathus amphileucus"
"Desmognathus apalachicolae","Apalachicola Dusky Salamander","DEAP","DEAP","Desmognathus apalachicolae","Desmognathus apalachicolae","Desmognathus apalachicolae"
"Desmognathus aureatus","Southern Shovel-nosed Dusky Salamander","DAUR","DAUR","Desmognathus aureatus","Desmognathus aureatus","Desmognathus aureatus"
"Desmognathus auriculatus","Holbrook's Southern Dusky Salamander","DESA","DESA","Desmognathus auriculatus","Desmognathus auriculatus","Desmognathus auriculatus"
"Desmognathus brimleyorum","Ouachita Dusky Salamander","DEBR","DEBR","Desmognathus brimleyorum","Desmognathus brimleyorum","Desmognathus brimleyorum"
"Desmognathus carolinensis","Carolina Mountain Dusky Salamander","DESC","DESC","Desmognathus carolinensis","Desmognathus carolinensis","Desmognathus carolinensis"
"Desmognathus conanti complex","Spotted Dusky Salamander","DCON","DCON|DANI|DCAM|DECA|DETI","Desmognathus conanti, Desmognathus anicetus, Desmognathus campi, Desmognathus catahoula, Desmognathus tilleyi","Desmognathus conanti","Desmognathus conanti, Desmognathus anicetus, Desmognathus campi, Desmognathus catahoula, Desmognathus tilleyi"
"Desmognathus folkertsi","Dwarf Black-bellied Salamander","DEFO","DEFO","Desmognathus folkertsi","Desmognathus folkertsi","Desmognathus folkertsi"
"Desmognathus fuscus complex","Northern Dusky Salamander","DFUS","DFUS|DFCO|DEBA|DLYC","Desmognathus fuscus, Desmognathus bairdi, Desmognathus lycos","Desmognathus fuscus","Desmognathus fuscus, Desmognathus bairdi, Desmognathus lycos"
"Desmognathus imitator complex","Imitator Salamander","DIMI","DIMI|DMCO","Desmognathus imitator, Desmognathus imitator complex","Desmognathus imitator","Desmognathus imitator"
"Desmognathus intermedius","Western Shovel-nosed Salamander","DEIN","DEIN","Desmognathus intermedius","Desmognathus intermedius","Desmognathus intermedius"
"Desmognathus marmoratus","Nothern Shovel-nosed Salamander","DMAR","DMAR","Desmognathus marmoratus","Desmognathus marmoratus","Desmognathus marmoratus"
"Desmognathus monticola complex","Northern Seal Salamander","DMON","DMON|DECH","Desmognathus monticola, Desmognathus cheaha","Desmognathus monticola","Desmognathus monticola, Desmognathus cheaha"
"Desmognathus ochrophaeus","Allegheny Mountain Dusky Salamander","DOCH","DOCH","Desmognathus ochrophaeus","Desmognathus ochrophaeus","Desmognathus ochrophaeus"
"Desmognathus ocoee complex","Ocoee Salamander","DOCO","DOCO|DEAD|DESB|DPER","Desmognathus ocoee, Desmognathus adatsihi, Desmognathus balsameus, Desmognathus perlapsus","Desmognathus ocoee","Desmognathus ocoee, Desmognathus adatsihi, Desmognathus balsameus, Desmognathus perlapsus"
"Desmognathus orestes","Blue Ridge Dusky Salamander","DEOR","DEOR","Desmognathus orestes","Desmognathus orestes","Desmognathus orestes"
"Desmognathus organi","Northern Pygmy Salamander","DESO","DESO","Desmognathus organi","Desmognathus organi","Desmognathus organi"
"Desmognathus planiceps","Flat-headed Salamander","DEPL","DEPL","Desmognathus planiceps","Desmognathus planiceps","Desmognathus planiceps"
"Desmognathus santeetlah","Santeetlah Dusky Salamander","DSAN","DSAN","Desmognathus santeetlah","Desmognathus santeetlah","Desmognathus santeetlah"
"Desmognathus valtos","Carolina Swamp Dusky Salamander","DESV","DESV","Desmognathus valtos","","Desmognathus valtos"
"Desmognathus valentinei complex","Valentine's Southern Dusky Salamander","DEVA","DEVA|DEPA","Desmognathus valentinei, Desmognathus pascagoula","Desmognathus valentinei","Desmognathus valentinei, Desmognathus pascagoula"
"Desmognathus welteri","Black Mountain Salamander","DWEL","DWEL","Desmognathus welteri","Desmognathus welteri","Desmognathus welteri"
"Desmognathus wrighti","Pygmy Salamander","DWRI","DWRI","Desmognathus wrighti","Desmognathus wrighti","Desmognathus wrighti"
"Dicamptodon aterrimus","Idaho Giant Salamander","DIAT","DIAT","Dicamptodon aterrimus","Dicamptodon aterrimus","Dicamptodon aterrimus"
"Dicamptodon copei","Cope's Giant Salamander","DICO","DICO","Dicamptodon copei","Dicamptodon copei","Dicamptodon copei"
"Dicamptodon ensatus","California Giant Salamander","DIEN","DIEN","Dicamptodon ensatus","Dicamptodon ensatus","Dicamptodon ensatus"
"Dicamptodon tenebrosus","Coastal Giant Salamander","DITE","DITE","Dicamptodon tenebrosus","Dicamptodon tenebrosus","Dicamptodon tenebrosus"
"Dryophytes andersonii","Pine Barrens Treefrog","HYAN","HYAN","Dryophytes andersonii","Dryophytes andersonii","Hyla andersonii"
"Dryophytes arenicolor","Canyon Treefrog","HYAR","HYAR","Dryophytes arenicolor","Dryophytes arenicolor","Hyla arenicolor"
"Dryophytes avivoca","Bird-voiced Treefrog","HYAV","HYAV|HYAVAV|HYAVOG","Dryophytes avivoca, Dryophytes avivoca avivoca, Dryophytes avivoca ogechiensis","Dryophytes avivoca","Hyla avivoca, Dryophytes avivoca avivoca, Dryophytes avivoca ogechiensis"
"Dryophytes chrysoscelis","Cope's Gray Treefrog","HYCH","HYCH","Dryophytes chrysoscelis","Dryophytes chrysoscelis","Hyla chrysoscelis"
"Dryophytes cinereus","American Green Treefrog","HYCI","HYCI","Dryophytes cinereus","Dryophytes cinereus","Hyla cinerea"
"Dryophytes femoralis","Pine Wood Treefrog","HYFE","HYFE","Dryophytes femoralis","Dryophytes femoralis","Hyla femoralis"
"Dryophytes gratiosus","Barking Treefrog","HYGR","HYGR","Dryophytes gratiosus","Dryophytes gratiosus","Hyla gratiosa"
"Dryophytes squirellus","Squirrel Treefrog","HYSQ","HYSQ","Dryophytes squirellus","Dryophytes squirellus","Hyla squirella"
"Dryophytes versicolor","Gray Treefrog","HYVE","HYVE","Dryophytes versicolor","Dryophytes versicolor","Hyla versicolor"
"Dryophytes wrightorum","Wright's Mountain Treefrog","HYWR","HYWR","Dryophytes wrightorum","Dryophytes wrightorum","Hyla wrightorum"
"Eleutherodactylus coqui","Coqui","ELCO","ELCO","Eleutherodactylus coqui","Eleutherodactylus coqui","Eleutherodactylus coqui"
"Eleutherodactylus guttilatus","Spotted Chirping Frog","ELGU","ELGU","Eleutherodactylus guttilatus","Eleutherodactylus guttilatus","Eleutherodactylus guttilatus"
"Eleutherodactylus marnockii","Cliff Chirping Frog","ELMA","ELMA","Eleutherodactylus marnockii","Eleutherodactylus marnockii","Eleutherodactylus marnockii"
"Eleutherodactylus planirostris","Greenhouse Frog","ELPL","ELPL","Eleutherodactylus planirostris","Eleutherodactylus planirostris","Eleutherodactylus planirostris"
"Ensatina eschscholtzii","Ensatina","ENES","ENES|ENESCR|ENESES|ENESKL|ENESOR|ENESPI|ENESPL|ENESXA","Ensatina eschscholtzii, Ensatina eschscholtzii croceater, Ensatina eschscholtzii eschscholtzii, Ensatina eschscholtzii klauberi, Ensatina eschscholtzii oregonensis, Ensatina eschscholtzii picta, Ensatina eschscholtzii platensis, Ensatina eschscholtzii xanthoptica","Ensatina eschscholtzii","Ensatina eschscholtzii, Ensatina eschscholtzii croceater, Ensatina eschscholtzii eschscholtzii, Ensatina eschscholtzii klauberi, Ensatina eschscholtzii oregonensis, Ensatina eschscholtzii picta, Ensatina eschscholtzii platensis, Ensatina eschscholtzii xanthoptica"
"Eurycea aquatica","Brown-backed Salamander","EUAQ","EUAQ","Eurycea aquatica","Eurycea aquatica","Eurycea aquatica"
"Eurycea arenicola","Carolina Sandhills Salamander","EUAR","EUAR","Eurycea arenicola","Eurycea arenicola","Eurycea arenicola"
"Eurycea bislineata","Northern Two-lined Salamander","EBIS","EBIS","Eurycea bislineata","Eurycea bislineata","Eurycea bislineata"
"Eurycea braggi","Southern Grotto Salamander","EUBR","EUBR","Eurycea braggi","Eurycea braggi","Eurycea braggi"
"Eurycea chamberlaini","Chamberlain's Dwarf Salamander","EUCH","EUCH","Eurycea chamberlaini","Eurycea chamberlaini","Eurycea chamberlaini"
"Eurycea chisholmensis","Salado Salamander","EURC","EURC","Eurycea chisholmensis","Eurycea chisholmensis","Eurycea chisholmensis"
"Eurycea cirrigera","Southern Two-lined Salamander","ECIR","ECIR","Eurycea cirrigera","Eurycea cirrigera","Eurycea cirrigera"
"Eurycea guttolineata","Three-lined Salamander","EGUT","EGUT","Eurycea guttolineata","Eurycea guttolineata","Eurycea guttolineata"
"Eurycea hillisi","Hillis's Dwarf Salamander","EUHI","EUHI","Eurycea hillisi","Eurycea hillisi","Eurycea hillisi"
"Eurycea junaluska","Junaluska Salamander","EJUN","EJUN","Eurycea junaluska","Eurycea junaluska","Eurycea junaluska"
"Eurycea latitans","Cascade Caverns Salamander","EULA","EULA","Eurycea latitans","Eurycea latitans","Eurycea latitans"
"Eurycea longicauda","Long-tailed Salamander","ELON","ELON|ELONLO|ELONME","Eurycea longicauda, Eurycea longicauda longicauda, Eurycea longicauda melanopleura","Eurycea longicauda","Eurycea longicauda, Eurycea longicauda, Eurycea melanopleura"
"Eurycea lucifuga","Cave Salamander","ELUC","ELUC","Eurycea lucifuga","Eurycea lucifuga","Eurycea lucifuga"
"Eurycea multiplicata","Many-ribbed Salamander","EUMU","EUMU","Eurycea multiplicata","Eurycea multiplicata","Eurycea multiplicata"
"Eurycea nana","San Marcos Salamander","EUNA","EUNA","Eurycea nana","Eurycea nana","Eurycea nana"
"Eurycea naufragia","Georgetown Salamander","EURN","EURN","Eurycea naufragia","Eurycea naufragia","Eurycea naufragia"
"Eurycea neotenes","Texas Salamander","EUNE","EUNE","Eurycea neotenes","Eurycea neotenes","Eurycea neotenes"
"Eurycea nerea","Northern Grotto Salamander","ENER","ENER","Eurycea nerea","Eurycea nerea","Eurycea nerea"
"Eurycea paludicola","Western Dwarf Salamander","EUPA","EUPA","Eurycea paludicola","Eurycea paludicola","Eurycea paludicola"
"Eurycea pterophila","Fern Bank Salamander","EUPT","EUPT","Eurycea pterophila","Eurycea pterophila","Eurycea pterophila"
"Eurycea quadridigitata","Southeastern Dwarf Salamander","EUQU","EUQU","Eurycea quadridigitata","Eurycea quadridigitata","Eurycea quadridigitata"
"Eurycea rathbuni","Texas Blind Salamander","EURA","EURA","Eurycea rathbuni","Eurycea rathbuni","Eurycea rathbuni"
"Eurycea robusta","Blanco Blind Salamander","EURO","EURO","Eurycea robusta","Eurycea robusta","Eurycea robusta"
"Eurycea sosorum","Barton Springs Salamander","EUSO","EUSO","Eurycea sosorum","Eurycea sosorum","Eurycea sosorum"
"Eurycea spelaea","Western Grotto Salamander","EUSP","EUSP","Eurycea spelaea","Eurycea spelaea","Eurycea spelaea"
"Eurycea sphagnicola","Bog Dwarf Salamander","EURS","EURS","Eurycea sphagnicola","Eurycea sphagnicola","Eurycea sphagnicola"
"Eurycea subfluvicola","Ouachita Streambed Salamander","EUSU","EUSU","Eurycea subfluvicola","Eurycea subfluvicola","Eurycea subfluvicola"
"Eurycea tonkawae","Jollyville Plateau Salamander","EUTO","EUTO","Eurycea tonkawae","Eurycea tonkawae","Eurycea tonkawae"
"Eurycea troglodytes","Valdina Farms Salamander","EUTR","EUTR","Eurycea troglodytes","Eurycea troglodytes","Eurycea troglodytes"
"Eurycea tynerensis","Oklahoma Salamander","EUTY","EUTY","Eurycea tynerensis","Eurycea tynerensis","Eurycea tynerensis"
"Eurycea wallacei","Georgia Blind Salamander","EUWA","EUWA","Eurycea wallacei","Eurycea wallacei","Eurycea wallacei"
"Eurycea waterlooensis","Austin Blind Salamander","EURW","EURW","Eurycea waterlooensis","Eurycea waterlooensis","Eurycea waterlooensis"
"Eurycea wilderae","Blue Ridge Two-lined Salamander","EWIL","EWIL","Eurycea wilderae","Eurycea wilderae","Eurycea wilderae"
"Gastrophryne carolinensis","Eastern Narrow-mouthed Toad","GACA","GACA","Gastrophryne carolinensis","Gastrophryne carolinensis","Gastrophryne carolinensis"
"Gastrophryne mazatlanensis","Sinaloan Narrow-mouthed Toad","GAMA","GAMA","Gastrophryne mazatlanensis","Gastrophryne mazatlanensis","Gastrophryne mazatlanensis"
"Gastrophryne olivacea","Western Narrow-mouthed Toad","GAOL","GAOL","Gastrophryne olivacea","Gastrophryne olivacea","Gastrophryne olivacea"
"Glandirana rugosa","Japanese Wrinkled Frog","GLRU","GLRU","Glandirana rugosa","Glandirana rugosa","Glandirana rugosa"
"Gyrinophilus gulolineatus","Berry Cave Salamander","GYGU","GYGU","Gyrinophilus gulolineatus","Gyrinophilus gulolineatus","Gyrinophilus gulolineatus"
"Gyrinophilus palleucus","Tennessee Cave Salamander","GYPA","GYPA|GYPANE|GYPAPA","Gyrinophilus palleucus, Gyrinophilus palleucus necturoides, Gyrinophilus palleucus palleucus","Gyrinophilus palleucus","Gyrinophilus palleucus, Gyrinophilus palleucus necturoides, Gyrinophilus palleucus palleucus"
"Gyrinophilus porphyriticus","Spring Salamander","GPOR","GPOR|GPORDA|GPORDU|GPORDR|GPORPO","Gyrinophilus porphyriticus, Gyrinophilus porphyriticus danielsi, Gyrinophilus porphyriticus dunni, Gyrinophilus porphyriticus duryi, Gyrinophilus porphyriticus porphyriticus","Gyrinophilus porphyriticus","Gyrinophilus porphyriticus, Gyrinophilus porphyriticus danielsi, Gyrinophilus porphyriticus dunni, Gyrinophilus porphyriticus duryi, Gyrinophilus porphyriticus porphyriticus"
"Gyrinophilus subterraneus","West Virginia Spring Salamander","GYSU","GYSU","Gyrinophilus subterraneus","Gyrinophilus subterraneus","Gyrinophilus subterraneus"
"Hemidactylium scutatum","Four-toed Salamander","HSCU","HSCU","Hemidactylium scutatum","Hemidactylium scutatum","Hemidactylium scutatum"
"Hydromantes brunus","Limestone Salamander","HYBR","HYBR","Hydromantes brunus","Hydromantes brunus","Hydromantes brunus"
"Hydromantes platycephalus","Mount Lyell Salamander","HYPL","HYPL","Hydromantes platycephalus","Hydromantes platycephalus","Hydromantes platycephalus"
"Hydromantes samweli","Samwel Shasta Salamander","HYSA","HYSA","Hydromantes samweli","Hydromantes samweli","Hydromantes samweli"
"Hydromantes shastae","Shasta Salamander","HYSH","HYSH","Hydromantes shastae","Hydromantes shastae","Hydromantes shastae"
"Hydromantes wintu","Wintu Shasta Salamander","HYWI","HYWI","Hydromantes wintu","Hydromantes wintu","Hydromantes wintu"
"Hypopachus variolosus","Sheep Frog","HYVA","HYVA","Hypopachus variolosus","Hypopachus variolosus","Hypopachus variolosus"
"Incilius alvarius","Sonoran Desert Toad","INAL","INAL","Incilius alvarius","Incilius alvarius","Incilius alvarius"
"Incilius nebulifer","Gulf Coast Toad","INNE","INNE","Incilius nebulifer","Incilius nebulifer","Incilius nebulifer"
"Leptodactylus fragilis","Mexican White-lipped Frog","LEFR","LEFR","Leptodactylus fragilis","Leptodactylus fragilis","Leptodactylus fragilis"
"Lithobates areolatus","Crawfish Frog","LIAR","LIAR|LIARAR|LIARCI","Lithobates areolatus, Lithobates areolatus areolatus, Lithobates areolatus circulosus","Lithobates areolatus","Lithobates areolatus, Lithobates areolatus areolatus, Lithobates areolatus circulosus"
"Lithobates berlandieri","Rio Grande Leopard Frog","LIBE","LIBE","Lithobates berlandieri","Lithobates berlandieri","Lithobates berlandieri"
"Lithobates blairi","Plains Leopard Frog","LIBL","LIBL","Lithobates blairi","Lithobates blairi","Lithobates blairi"
"Lithobates capito","Gopher Frog","LITC","LITC","Lithobates capito","Lithobates capito","Lithobates capito"
"Lithobates catesbeianus","American bullfrog","LICA","LICA","Lithobates catesbeianus","Aquarana catesbeianus","Lithobates catesbeianus"
"Lithobates chiricahuensis","Chiricahua Leopard Frog","RACH","RACH","Lithobates chiricahuensis","Lithobates chiricahuensis","Lithobates chiricahuensis"
"Lithobates clamitans","Green Frog","LICL","LICL","Lithobates clamitans","Aquarana clamitans","Lithobates clamitans"
"Lithobates fisheri","Vegas Valley Leopard Frog","LIFI","LIFI","Lithobates fisheri","Lithobates fisheri","Lithobates fisheri"
"Lithobates grylio","Pig Frog","LIGR","LIGR","Lithobates grylio","Aquarana grylio","Lithobates grylio"
"Lithobates heckscheri","River Frog","LIHE","LIHE","Lithobates heckscheri","Aquarana heckscheri","Lithobates heckscheri"
"Lithobates kauffeldi","Mid-Atlantic Coast Leopard Frog","LIKA","LIKA","Lithobates kauffeldi","Lithobates kauffeldi","Lithobates kauffeldi"
"Lithobates okaloosae","Florida Bog Frog","LIOK","LIOK","Lithobates okaloosae","Aquarana okaloosae","Lithobates okaloosae"
"Lithobates onca","Relict Leopard Frog","RAON","RAON","Lithobates onca","Lithobates onca","Lithobates onca"
"Lithobates palustris","Pickerel Frog","RAPA","RAPA","Lithobates palustris","Lithobates palustris","Lithobates palustris"
"Lithobates pipiens","Northern Leopard Frog","RAPI","RAPI","Lithobates pipiens","Lithobates pipiens","Lithobates pipiens"
"Lithobates septentrionalis","Mink frog","LSEP","LSEP","Lithobates septentrionalis","Aquarana septentrionalis","Lithobates septentrionalis"
"Lithobates sevosus","Dusky Gopher Frog","LISE","LISE","Lithobates sevosus","Lithobates sevosus","Lithobates sevosus"
"Lithobates sphenocephalus","Southern Leopard Frog","LISP","LISP|LSPHSP|LUTRUT","Lithobates sphenocephalus, Lithobates sphenocephalus sphenocephalus, Lithobates sphenocephalus utricularius","Lithobates sphenocephalus","Lithobates sphenocephalus, Lithobates sphenocephalus sphenocephalus, Lithobates sphenocephalus utricularius"
"Lithobates sylvaticus","Wood Frog","RASY","RASY","Lithobates sylvaticus","Lithobates sylvaticus","Lithobates sylvaticus"
"Lithobates tarahumarae","Tarahumara Frog","LITA","LITA","Lithobates tarahumarae","Lithobates tarahumarae","Lithobates tarahumarae"
"Lithobates virgatipes","Carpenter Frog","LIVI","LIVI","Lithobates virgatipes","Aquarana virgatipes","Lithobates virgatipes"
"Lithobates yavapaiensis","Lowland Leopard Frog","LIYA","LIYA","Lithobates yavapaiensis","Lithobates yavapaiensis","Lithobates yavapaiensis"
"Necturus alabamensis","Black Warrior River Waterdog","NEAL","NEAL","Necturus alabamensis","Necturus alabamensis","Necturus alabamensis"
"Necturus beyeri","Gulf Coast Waterdog","NEBE","NEBE","Necturus beyeri","Necturus beyeri","Necturus beyeri"
"Necturus lewisi","Neuse River Waterdog","NELE","NELE","Necturus lewisi","Necturus lewisi","Necturus lewisi"
"Necturus louisianensis","Red River Mudpuppy","NMACLO","NMACLO","Necturus louisianensis","Necturus louisianensis","Necturus louisianensis"
"Necturus maculosus","Mudpuppy","NMAC","NMAC","Necturus maculosus","Necturus maculosus","Necturus maculosus"
"Necturus moleri","Apalachicola Waterdog","NEMO","NEMO","Necturus moleri","Necturus moleri","Necturus moleri"
"Necturus mounti","Escambia Waterdog","NECM","NECM","Necturus mounti","Necturus mounti","Necturus mounti"
"Necturus punctatus","Dwarf Waterdog","NEPU","NEPU","Necturus punctatus","Necturus punctatus","Necturus punctatus"
"Notophthalmus meridionalis","Black-spotted Newt","NOME","NOME|NOMEME","Notophthalmus meridionalis, Notophthalmus meridionalis meridionalis","Notophthalmus meridionalis","Notophthalmus meridionalis, Notophthalmus meridionalis meridionalis"
"Notophthalmus perstriatus","Striped Newt","NOPE","NOPE","Notophthalmus perstriatus","Notophthalmus perstriatus","Notophthalmus perstriatus"
"Notophthalmus viridescens","Eastern Newt","NOVI","NOVI|NOVIDO|NOVILO|NOVIPI|NOVIVI","Notophthalmus viridescens, Notophthalmus viridescens dorsalis, Notophthalmus viridescens louisianensis, Notophthalmus viridescens piaropicola, Notophthalmus viridescens viridescens","Notophthalmus viridescens","Notophthalmus viridescens, Notophthalmus viridescens dorsalis, Notophthalmus viridescens louisianensis, Notophthalmus viridescens piaropicola, Notophthalmus viridescens viridescens"
"Osteopilus septentrionalis","Cuban Treefrog","OSSE","OSSE","Osteopilus septentrionalis","Osteopilus septentrionalis","Osteopilus septentrionalis"
"Phaeognathus hubrichti","Red Hills Salamander","PHHU","PHHU","Phaeognathus hubrichti","Phaeognathus hubrichti","Phaeognathus hubrichti"
"Plethodon ainsworthi","Bay Springs Salamander","PLAI","PLAI","Plethodon ainsworthi","Plethodon ainsworthi","Plethodon ainsworthi"
"Plethodon albagula","Western Slimy Salamander","PLAL","PLAL","Plethodon albagula","Plethodon albagula","Plethodon albagula"
"Plethodon amplus","Blue Ridge Gray-cheeked Salamander","PLAM","PLAM","Plethodon amplus","Plethodon amplus","Plethodon amplus"
"Plethodon angusticlavius","Ozark Zigzag Salamander","PLAN","PLAN","Plethodon angusticlavius","Plethodon angusticlavius","Plethodon angusticlavius"
"Plethodon asupak","Scott Bar Salamander","PLAS","PLAS","Plethodon asupak","Plethodon asupak","Plethodon asupak"
"Plethodon aureolus","Tellico Salamander","PLAU","PLAU","Plethodon aureolus","Plethodon aureolus","Plethodon aureolus"
"Plethodon caddoensis","Caddo Mountain Salamander","PLCA","PLCA","Plethodon caddoensis","Plethodon caddoensis","Plethodon caddoensis"
"Plethodon chattahoochee","Chattahoochee Slimy Salamander","PLCH","PLCH","Plethodon chattahoochee","Plethodon chattahoochee","Plethodon chattahoochee"
"Plethodon cheoah","Cheoah Bald Salamander","PLEC","PLEC","Plethodon cheoah","Plethodon cheoah","Plethodon cheoah"
"Plethodon chlorobryonis","Atlantic Coast Slimy Salamander","PCHL","PCHL","Plethodon chlorobryonis","Plethodon chlorobryonis","Plethodon chlorobryonis"
"Plethodon cinereus","Eastern Red-backed Salamander","PCIN","PCIN","Plethodon cinereus","Plethodon cinereus","Plethodon cinereus"
"Plethodon cylindraceus","White-spotted Slimy Salamander","PCYL","PCYL","Plethodon cylindraceus","Plethodon cylindraceus","Plethodon cylindraceus"
"Plethodon dixi","Dixie Caverns Salamander","PLDI","PLDI","Plethodon dixi","Plethodon dixi","Plethodon dixi"
"Plethodon dorsalis","Northern Zigzag Salamander","PLDO","PLDO","Plethodon dorsalis","Plethodon dorsalis","Plethodon dorsalis"
"Plethodon dunni","Dunn's Salamander","PLDU","PLDU","Plethodon dunni","Plethodon dunni","Plethodon dunni"
"Plethodon electromorphus","Northern Ravine Salamander","PLEL","PLEL","Plethodon electromorphus","Plethodon electromorphus","Plethodon electromorphus"
"Plethodon elongatus","Del Norte Salamander","PLEE","PLEE","Plethodon elongatus","Plethodon elongatus","Plethodon elongatus"
"Plethodon fourchensis","Fourche Mountain Salamander","PLFO","PLFO","Plethodon fourchensis","Plethodon fourchensis","Plethodon fourchensis"
"Plethodon glutinosus complex","Northern Slimy Salamander","PGLU","PGLU|PLGR|PLMI","Plethodon glutinosus, Plethodon grobmani, Plethodon mississippi","Plethodon glutinosus","Plethodon glutinosus, Plethodon grobmani, Plethodon mississippi"
"Plethodon hoffmani","Valley and Ridge Salamander","PHOF","PHOF","Plethodon hoffmani","Plethodon hoffmani","Plethodon hoffmani"
"Plethodon hubrichti","Peaks of Otter Salamander","PLHU","PLHU","Plethodon hubrichti","Plethodon hubrichti","Plethodon hubrichti"
"Plethodon idahoensis","Coeur d'Alene Salamander","PLID","PLID","Plethodon idahoensis","Plethodon idahoensis","Plethodon idahoensis"
"Plethodon jacksoni","Blacksburg Salamander","PLJA","PLJA","Plethodon jacksoni","Plethodon jacksoni","Plethodon jacksoni"
"Plethodon jordani","Red-cheeked Salamander","PJOR","PJOR","Plethodon jordani","Plethodon jordani","Plethodon jordani"
"Plethodon kentucki","Cumberland Plateau Salamander","PLKE","PLKE","Plethodon kentucki","Plethodon kentucki","Plethodon kentucki"
"Plethodon kiamichi","Kiamichi Slimy Salamander","PLEK","PLEK","Plethodon kiamichi","Plethodon kiamichi","Plethodon kiamichi"
"Plethodon kisatchie","Louisiana Slimy Salamander","PLKI","PLKI","Plethodon kisatchie","Plethodon kisatchie","Plethodon kisatchie"
"Plethodon larselli","Larch Mountain Salamander","PLLA","PLLA","Plethodon larselli","Plethodon larselli","Plethodon larselli"
"Plethodon meridianus","South Mountain Gray-cheeked Salamander","PLEM","PLEM","Plethodon meridianus","Plethodon meridianus","Plethodon meridianus"
"Plethodon metcalfi","Southern Gray-cheeked Salamander","PLME","PLME","Plethodon metcalfi","Plethodon metcalfi","Plethodon metcalfi"
"Plethodon montanus","Northern Gray-cheeked Salamander","PLMO","PLMO","Plethodon montanus","Plethodon montanus","Plethodon montanus"
"Plethodon neomexicanus","Jemez Mountains Salamander","PLNE","PLNE","Plethodon neomexicanus","Plethodon neomexicanus","Plethodon neomexicanus"
"Plethodon nettingi","Cheat Mountain Salamander","PLEN","PLEN","Plethodon nettingi","Plethodon nettingi","Plethodon nettingi"
"Plethodon ocmulgee","Ocmulgee Slimy Salamander","PLOC","PLOC","Plethodon ocmulgee","Plethodon ocmulgee","Plethodon ocmulgee"
"Plethodon ouachitae","Rich Mountain Salamander","PLOU","PLOU","Plethodon ouachitae","Plethodon ouachitae","Plethodon ouachitae"
"Plethodon pauleyi","Yellow-spotted Woodland Salamander","PLPA","PLPA","Plethodon pauleyi","Plethodon pauleyi","Plethodon pauleyi"
"Plethodon petraeus","Pigeon Mountain Salamander","PLPE","PLPE","Plethodon petraeus","Plethodon petraeus","Plethodon petraeus"
"Plethodon punctatus","Cow Knob Salamander","PLPU","PLPU","Plethodon punctatus","Plethodon punctatus","Plethodon punctatus"
"Plethodon richmondi","Southern Ravine Salamander","PLRI","PLRI","Plethodon richmondi","Plethodon richmondi","Plethodon richmondi"
"Plethodon savannah","Savannah Slimy Salamander","PLSA","PLSA","Plethodon savannah","Plethodon savannah","Plethodon savannah"
"Plethodon sequoyah","Sequoyah Slimy Salamander","PLES","PLES","Plethodon sequoyah","Plethodon sequoyah","Plethodon sequoyah"
"Plethodon serratus","Southern Red-backed Salamander","PLSE","PLSE","Plethodon serratus","Plethodon serratus","Plethodon serratus"
"Plethodon shenandoah","Shenandoah Salamander","PLSH","PLSH","Plethodon shenandoah","Plethodon shenandoah","Plethodon shenandoah"
"Plethodon sherando","Big Levels Salamander","PSHE","PSHE","Plethodon sherando","Plethodon sherando","Plethodon sherando"
"Plethodon shermani","Red-legged Salamander","SHER","SHER","Plethodon shermani","Plethodon shermani","Plethodon shermani"
"Plethodon stormi","Siskiyou Mountains Salamander","PLST","PLST","Plethodon stormi","Plethodon stormi","Plethodon stormi"
"Plethodon teyahalee","Southern Appalachian Salamander","POCO","POCO","Plethodon teyahalee","Plethodon teyahalee","Plethodon teyahalee"
"Plethodon vandykei","Van Dyke's Salamander","PLVA","PLVA","Plethodon vandykei","Plethodon vandykei","Plethodon vandykei"
"Plethodon variolatus","South Carolina Slimy Salamander","PLEV","PLEV","Plethodon variolatus","Plethodon variolatus","Plethodon variolatus"
"Plethodon vehiculum","Western Red-backed Salamander","PLVE","PLVE","Plethodon vehiculum","Plethodon vehiculum","Plethodon vehiculum"
"Plethodon ventralis","Southern Zigzag Salamander","PVEN","PVEN","Plethodon ventralis","Plethodon ventralis","Plethodon ventralis"
"Plethodon virginia","Shenandoah Mountain Salamander","PLVI","PLVI","Plethodon virginia","Plethodon virginia","Plethodon virginia"
"Plethodon websteri","Webster's Salamander","PLWE","PLWE","Plethodon websteri","Plethodon websteri","Plethodon websteri"
"Plethodon wehrlei","Wehrle's Salamander","PLEW","PLEW","Plethodon wehrlei","Plethodon wehrlei","Plethodon wehrlei"
"Plethodon welleri","Weller's Salamander","PWEL","PWEL","Plethodon welleri","Plethodon welleri","Plethodon welleri"
"Plethodon yonahlossee","Yonahlossee Salamander","PLYO","PLYO","Plethodon yonahlossee","Plethodon yonahlossee","Plethodon yonahlossee"
"Pseudacris brachyphona","Mountain Chorus Frog","PSBR","PSBR","Pseudacris brachyphona","Pseudacris brachyphona","Pseudacris brachyphona"
"Pseudacris brimleyi","Brimley's Chorus Frog","PSEB","PSEB","Pseudacris brimleyi","Pseudacris brimleyi","Pseudacris brimleyi"
"Pseudacris cadaverina","California Treefrog","PSCA","PSCA","Pseudacris cadaverina","Pseudacris cadaverina","Pseudacris cadaverina"
"Pseudacris clarkii","Spotted Chorus Frog","PSCL","PSCL","Pseudacris clarkii","Pseudacris clarkii","Pseudacris clarkii"
"Pseudacris collinsorum","Collinses' Mountain Chorus Frog","PSCO","PSCO","Pseudacris collinsorum","Pseudacris collinsorum","Pseudacris collinsorum"
"Pseudacris crucifer","Spring Peeper","PSCR","PSCR","Pseudacris crucifer","Pseudacris crucifer","Pseudacris crucifer"
"Pseudacris feriarum","Upland Chorus Frog","PSFE","PSFE","Pseudacris feriarum","Pseudacris feriarum","Pseudacris feriarum"
"Pseudacris fouquettei","Cajun Chorus Frog","PSFO","PSFO","Pseudacris fouquettei","Pseudacris fouquettei","Pseudacris fouquettei"
"Pseudacris regilla complex","Pseudacris regilla complex","PSHY","PSHY|PSHYHY|PSSI|PSRE","Pseudacris hypochondriaca, Pseudacris hypochondriaca hypochondriaca, Pseudacris regilla, Pseudacris sierra","Pseudacris hypochondriaca, Pseudacris regilla, Pseudacris sierra","Pseudaris regilla"
"Pseudacris illinoensis","Illinois Chorus Frog","PSIL","PSIL","Pseudacris illinoensis","Pseudacris illinoensis","Pseudacris illinoensis"
"Pseudacris kalmi","New Jersey Chorus Frog","PSKA","PSKA","Pseudacris kalmi","Pseudacris kalmi","Pseudacris kalmi"
"Pseudacris maculata","Boreal Chorus Frog","PSMA","PSMA","Pseudacris maculata","Pseudacris maculata","Pseudacris maculata"
"Pseudacris nigrita","Southern Chorus Frog","PSNI","PSNI","Pseudacris nigrita","Pseudacris nigrita","Pseudacris nigrita"
"Pseudacris ocularis","Little Grass Frog","PSOC","PSOC","Pseudacris ocularis","Pseudacris ocularis","Pseudacris ocularis"
"Pseudacris ornata","Ornate Chorus Frog","PSOR","PSOR","Pseudacris ornata","Pseudacris ornata","Pseudacris ornata"
"Pseudacris streckeri","Strecker's Chorus Frog","PSST","PSST","Pseudacris streckeri","Pseudacris streckeri","Pseudacris streckeri"
"Pseudacris triseriata","Western Chorus Frog","PSTR","PSTR","Pseudacris triseriata","Pseudacris triseriata","Pseudacris triseriata"
"Pseudobranchus axanthus","Southern Dwarf Siren","PSAX","PSAX|PSAXAX|PSAXBE","Pseudobranchus axanthus, Pseudobranchus axanthus axanthus, Pseudobranchus axanthus belli","Pseudobranchus axanthus","Pseudobranchus axanthus, Pseudobranchus axanthus axanthus, Pseudobranchus axanthus belli"
"Pseudobranchus striatus","Northern Dwarf Siren","PSES","PSES|PLUSLU|PSESSP|PSESST","Pseudobranchus striatus, Pseudobranchus striatus lustricolus, Pseudobranchus striatus spheniscus, Pseudobranchus striatus striatus","Pseudobranchus striatus","Pseudobranchus striatus, Pseudobranchus striatus lustricolus, Pseudobranchus striatus spheniscus, Pseudobranchus striatus striatus"
"Pseudotriton montanus","Mud Salamander","PMON","PMON|PMONDI|PMONFL|PMONFO|PMONMO","Pseudotriton montanus, Pseudotriton montanus diastictus, Pseudotriton montanus flavissimus, Pseudotriton montanus floridanus, Pseudotriton montanus montanus","Pseudotriton montanus, Pseudotriton diastictus","Pseudotriton montanus, Pseudotriton diastictus, Pseudotriton flavissimus, Pseudotriton flavissimus, Pseudotriton montanus"
"Pseudotriton ruber","Red Salamander","PRUB","PRUB|PRUBNI|PRUBRU|PRUBSC|PRUBVI","Pseudotriton ruber, Pseudotriton ruber nitidus, Pseudotriton ruber ruber, Pseudotriton ruber schencki, Pseudotriton ruber vioscai","Pseudotriton ruber","Pseudotriton ruber, Pseudotriton ruber nitidus, Pseudotriton ruber ruber, Pseudotriton ruber schencki, Pseudotriton ruber vioscai"
"Rana aurora","Northern Red-legged Frog","RAAU","RAAU","Rana aurora","Rana aurora","Rana aurora"
"Rana boylii","Foothill Yellow-legged Frog","RABO","RABO","Rana boylii","Rana boylii","Rana boylii"
"Rana cascadae","Cascades Frog","RACA","RACA","Rana cascadae","Rana cascadae","Rana cascadae"
"Rana draytonii","California Red-legged Frog","RADR","RADR","Rana draytonii","Rana draytonii","Rana draytonii"
"Rana luteiventris","Columbia Spotted Frog","RALU","RALU","Rana luteiventris","Rana luteiventris","Rana luteiventris"
"Rana muscosa","Southern Mountain Yellow-legged Frog","RAMU","RAMU","Rana muscosa","Rana muscosa","Rana muscosa"
"Rana pretiosa","Oregon Spotted Frog","RAPR","RAPR","Rana pretiosa","Rana pretiosa","Rana pretiosa"
"Rana sierrae","Sierra Nevada Yellow-legged Frog","RASI","RASI","Rana sierrae","Rana sierrae","Rana sierrae"
"Rhinella horribilis","Mesoamerican Cane Toad","RHHO","RHHO","Rhinella horribilis","Rhinella horribilis","Rhinella horribilis"
"Rhinella marina","South American Cane Toad","RHMA","RHMA","Rhinella marina","Rhinella marina","Rhinella marina"
"Rhinophrynus dorsalis","Burrowing Toad","RHDO","RHDO","Rhinophrynus dorsalis","Rhinophrynus dorsalis","Rhinophrynus dorsalis"
"Rhyacotriton cascadae","Cascade Torrent Salamander","RHCA","RHCA","Rhyacotriton cascadae","Rhyacotriton cascadae","Rhyacotriton cascadae"
"Rhyacotriton kezeri","Columbia Torrent Salamander","RHKE","RHKE","Rhyacotriton kezeri","Rhyacotriton kezeri","Rhyacotriton kezeri"
"Rhyacotriton olympicus","Olympic Torrent Salamander","RHOL","RHOL","Rhyacotriton olympicus","Rhyacotriton olympicus","Rhyacotriton olympicus"
"Rhyacotriton variegatus","Southern Torrent Salamander","RHVA","RHVA","Rhyacotriton variegatus","Rhyacotriton variegatus","Rhyacotriton variegatus"
"Scaphiopus couchii","Couch's Spadefoot","SCCO","SCCO","Scaphiopus couchii","Scaphiopus couchii","Scaphiopus couchii"
"Scaphiopus holbrookii","Eastern Spadefoot","SCHO","SCHO","Scaphiopus holbrookii","Scaphiopus holbrookii","Scaphiopus holbrookii"
"Scaphiopus hurterii","Hurter's Spadefoot","SCHU","SCHU","Scaphiopus hurterii","Scaphiopus hurterii","Scaphiopus hurterii"
"Siren intermedia","Lesser Siren","SIIN","SIIN","Siren intermedia","Siren intermedia","Siren intermedia"
"Siren lacertina","Greater Siren","SILA","SILA","Siren lacertina","Siren lacertina","Siren lacertina"
"Siren nettingi","Western Lesser Siren","SIINNE","SIINNE","Siren nettingi","","Siren nettingi"
"Siren reticulata","Reticulated Siren","SIRE","SIRE","Siren reticulata","Siren reticulata","Siren reticulata"
"Siren sphagnicola","Seepage Siren","SISP","SISP","Siren sphagnicola","","Siren sphagnicola"
"Smilisca baudinii","Mexican Treefrog","SMBA","SMBA","Smilisca baudinii","Smilisca baudinii","Smilisca baudinii"
"Smilisca fodiens","Lowland Burrowing Treefrog","SMFO","SMFO","Smilisca fodiens","Smilisca fodiens","Smilisca fodiens"
"Spea bombifrons","Plains Spadefoot","SPBO","SPBO","Spea bombifrons","Spea bombifrons","Spea bombifrons"
"Spea hammondii","Western Spadefoot","SPHA","SPHA","Spea hammondii","Spea hammondii","Spea hammondii"
"Spea intermontana","Great Basin Spadefoot","SPIN","SPIN","Spea intermontana","Spea intermontana","Spea intermontana"
"Spea multiplicata","Mexican Spadefoot","SPMU","SPMU|SPMUST","Spea multiplicata, Spea multiplicata stagnalis","Spea multiplicata",""
"Stereochilus marginatus","Many-lined Salamander","STMA","STMA","Stereochilus marginatus","Stereochilus marginatus","Stereochilus marginatus"
"Taricha granulosa","Rough-skinned Newt","TAGR","TAGR","Taricha granulosa","Taricha granulosa","Taricha granulosa"
"Taricha rivularis","Red-bellied Newt","TARI","TARI","Taricha rivularis","Taricha rivularis","Taricha rivularis"
"Taricha sierrae","Sierra Newt","TASI","TASI","Taricha sierrae","Taricha sierrae","Taricha sierrae"
"Taricha torosa","California Newt","TATO","TATO","Taricha torosa","Taricha torosa","Taricha torosa"
"Urspelerpes brucei","Patch-nosed Salamander","URBR","URBR","Urspelerpes brucei","Urspelerpes brucei","Urspelerpes brucei"
"Xenopus laevis","African Clawed Frog","XELA","XELA","Xenopus laevis","Xenopus laevis","Xenopus laevis"
